{"cameraMode":{"drawMode":0,"name":"Shaded","section":"Shading Mode"},"sceneLighting":true,"audioPlay":false,"sceneViewState":{"showFog":true,"showMaterialUpdate":false,"showSkybox":true,"showFlares":true,"showImageEffects":true,"showParticleSystems":true},"in2DMode":false,"pivot":{"x":-0.06833028793334961,"y":0.26383495330810549,"z":-0.11005067825317383},"rotation":{"x":-0.08183659613132477,"y":0.9029092192649841,"z":-0.1984122097492218,"w":-0.3724115490913391},"size":10.832064628601075,"orthographic":false}