{"cameraMode":{"drawMode":0,"name":"Shaded","section":"Shading Mode"},"sceneLighting":true,"audioPlay":false,"sceneViewState":{"showFog":true,"showMaterialUpdate":false,"showSkybox":true,"showFlares":true,"showImageEffects":true,"showParticleSystems":true},"in2DMode":false,"pivot":{"x":-0.01862514019012451,"y":-0.20834708213806153,"z":-4.514003753662109},"rotation":{"x":0.002726091770455241,"y":0.9950960278511047,"z":-0.09462890028953552,"w":0.028669064864516259},"size":14.74794864654541,"orthographic":false}